"Reference","Qty","Value","DNP","Exclude from BOM","Exclude from Board","Footprint","Datasheet","Description","#"
"C1","1","10uF","","","","Capacitor_SMD:C_0805_2012Metric","","Polarized capacitor, US symbol","1"
"C2","1","47uF","","","","Capacitor_SMD:C_0805_2012Metric","","Polarized capacitor, US symbol","2"
"C3,C4","2","100uF","","","","Capacitor_THT:CP_Radial_D5.0mm_P2.50mm","","Unpolarized capacitor","3"
"C6,C7,C8","3","100nF","","","","Capacitor_SMD:C_0805_2012Metric","","Unpolarized capacitor","4"
"J1","1","Berg13Pins","","","","Connector_PinHeader_2.54mm:PinHeader_1x13_P2.54mm_Vertical","","Generic connector, single row, 01x13, script generated (kicad-library-utils/schlib/autogen/connector/)","5"
"J2","1","Berg10Pins","","","","Connector_PinHeader_2.54mm:PinHeader_1x10_P2.54mm_Vertical","","Generic connector, single row, 01x10, script generated (kicad-library-utils/schlib/autogen/connector/)","6"
"J3","1","1.3 inches_OLED","","","","Connector_PinHeader_2.54mm:PinHeader_1x04_P2.54mm_Vertical","","Generic connector, single row, 01x04, script generated (kicad-library-utils/schlib/autogen/connector/)","7"
"J4","1","JST Input Power","","","","Connector_JST:JST_PH_S2B-PH-K_1x02_P2.00mm_Horizontal","","Generic connector, single row, 01x02, script generated (kicad-library-utils/schlib/autogen/connector/)","8"
"J5","1","JST_3PIN_2.54MM","","","","Connector_JST:JST_XH_B3B-XH-A_1x03_P2.50mm_Vertical","","Generic connector, single row, 01x03, script generated (kicad-library-utils/schlib/autogen/connector/)","9"
"J6","1","Led_Panel","","","","Connector_PinHeader_2.54mm:PinHeader_1x04_P2.54mm_Vertical","","Generic connector, single row, 01x04, script generated (kicad-library-utils/schlib/autogen/connector/)","10"
"R2","1","10K","","","","Resistor_SMD:R_0805_2012Metric","","Resistor, US symbol","11"
"R3","1","470ohm","","","","Resistor_SMD:R_0805_2012Metric","","Resistor, US symbol","12"
"R4,R5,R6","3","330ohm","","","","Resistor_SMD:R_0805_2012Metric","","Resistor, US symbol","13"
"U1","1","RYLR998","","","","MyLibrary:RYLR998_Castellated_5P","https://reyax.com/upload/products_download/download_file/RYLR998_EN.pdf","REYAX RYLR998 868/915MHz LoRa UART Antenna Transceiver Module","14"
"U2","1","ESP32-DEVKITC-VE","","","","MyLibrary:ESP32-DEVKITC-VE","https://docs.espressif.com/projects/esp-dev-kits/en/latest/esp32/esp32-devkitc/user_guide.html","Espressif ESP32-DevKitC-VE development board, ESP32-WROOM-32E module, 38-pin THT header","15"
